m,μ,D,rθ,N_mean,alphas_mean,betas_mean,alphau_mean,betau_mean,Q_ST_u_mean,Q_ST_s_mean,N_std,alphas_std,betas_std,alphau_std,betau_std,Q_ST_u_std,Q_ST_s_std,N,alphas,betas,alphau,betau,Q_ST_u,Q_ST_s,mean_local_clustering_coefficient,var._local_clustering_coefficient,mean_betweenness_centrality,var._betweenness_centrality,mean_edge_betweeness_centrality_nx,var._edge_betweeness_centrality_nx,mean_eigenvector_centrality,var._eigenvector_centrality,mean_rich_club_nx,var._rich_club_nx,mean_closeness_centrality,var._closeness_centrality,density,degree_var.,degree_correlation,cl,mean_neighb._deg.,var._neighb._deg.,smax,s_elasticity,modules,mean_deg._distrib.,var._deg._distrib.,diameter,graph_energy,algebraic_connectivity,kk,sqrtk,sqrtk_inv,heat_hetero
0.0,0.10000000149011612,0.05000000074505806,-0.12500000083819032,1329.5170000000003,0.008618046306658864,0.23929480643366446,0.020381623206905192,0.19274364047349685,0.9042623310015188,0.9653111636163372,4.671409851426049,0.001552330009924869,0.014181834343663526,0.001554333748516789,0.006787048220087194,0.008486197793673354,0.005111294815673405,"[1335.135, 1325.215, 1331.285, 1324.145, 1331.805]","[0.008006215591922012, 0.011341540833144655, 0.007545704670461966, 0.008378691036287102, 0.007818079401478576]","[0.2478272248886522, 0.24849398454194166, 0.21495834063452005, 0.24665894897076676, 0.23853553313244152]","[0.021141552086268403, 0.019527835246289718, 0.01992617524589317, 0.022656159957778546, 0.018656393498296123]","[0.18786703561502271, 0.19518704294656325, 0.20346816116381158, 0.186998562688783, 0.19019739995330376]","[0.8988484046575002, 0.9090522491471217, 0.9108026838722151, 0.8919358473218246, 0.9106724700089319]","[0.9687053593272145, 0.9563510770254663, 0.9660873371532673, 0.9671472374193262, 0.9682648071564117]",1.0,0.0,0.0,0.0,0.027777777777777783,0.0,0.3333333333333333,1.925929944387236e-33,1.0,0.0,1.0,0.0,1.0,0.0,NaN,1.0,8.0,0.0,1.0,0.0,1.0,72.0,NaN,1.0,15.99999999999999,9.0,1.0,1.0000000000000004,0.9999999999999996,0.08131733609081486
0.03448275849223137,0.10000000149011612,0.05000000074505806,-0.12500000083819032,1306.066,0.029480905262074437,0.21584639123578492,0.06658066943684891,0.08935461953757036,0.5735874643796149,0.8799477515822783,4.077683778813619,0.0023622915492993364,0.008227917474355745,0.0076581628830495255,0.005496664180325639,0.03945652914556696,0.005362631290133205,"[1302.165, 1312.57, 1303.265, 1306.915, 1305.415]","[0.02908935233479171, 0.02945306663971842, 0.03338105354292333, 0.028410827742457522, 0.0270702260504812]","[0.2166804535286583, 0.2119004009473489, 0.2293106393428289, 0.20753520632678693, 0.2138052560333015]","[0.06502052266078383, 0.05876687772977401, 0.07829987629984499, 0.06934570491211502, 0.06147036558172674]","[0.08987006719123078, 0.0891887942871144, 0.08031809048045392, 0.09446294316096465, 0.09293320256808803]","[0.5802164436012178, 0.6028075373611492, 0.5063618712986163, 0.5766663987045548, 0.6018850709325367]","[0.8816398449248327, 0.877967087300731, 0.8729268779830005, 0.8795876020780259, 0.887617345624801]",1.0,0.0,0.0,0.0,0.027777777777777783,0.0,0.3333333333333333,1.925929944387236e-33,1.0,0.0,1.0,0.0,1.0,0.0,NaN,1.0,8.0,0.0,1.0,0.0,1.0,72.0,NaN,1.0,15.99999999999999,9.0,1.0,1.0000000000000004,0.9999999999999996,0.08131733609081486
0.06896551698446274,0.10000000149011612,0.05000000074505806,-0.12500000083819032,1278.956,0.05050724779697759,0.2109365759209863,0.07946002482155706,0.06587785860576553,0.4580731554700385,0.8065795032010717,2.881304825942559,0.003176884865060918,0.017062909894198473,0.019681040861076915,0.011331974524268838,0.09822494654202203,0.006644936826627626,"[1283.26, 1279.975, 1278.39, 1275.575, 1277.58]","[0.04872710314328216, 0.04775363632271376, 0.05353807288782812, 0.048151962837809856, 0.054365463793254076]","[0.19833017960895113, 0.2097157611175928, 0.23151355891064104, 0.19085887554533812, 0.2242645044224085]","[0.10804960321225153, 0.07574966892240821, 0.054632543844055144, 0.08656989487278866, 0.0722984132562818]","[0.04736594986970748, 0.06388757312991705, 0.0746561122005191, 0.07499708674694655, 0.06848257108173751]","[0.3047696895865297, 0.4575253148152047, 0.5774374526314224, 0.46418572653328416, 0.48644759378375163]","[0.8027700191613085, 0.814526942629035, 0.8121811387290025, 0.79853648828837, 0.8048829271976423]",1.0,0.0,0.0,0.0,0.027777777777777783,0.0,0.3333333333333333,1.925929944387236e-33,1.0,0.0,1.0,0.0,1.0,0.0,NaN,1.0,8.0,0.0,1.0,0.0,1.0,72.0,NaN,1.0,15.99999999999999,9.0,1.0,1.0000000000000004,0.9999999999999996,0.08131733609081486
0.1034482792019844,0.10000000149011612,0.05000000074505806,-0.12500000083819032,1250.3139999999999,0.06836256294556835,0.19347535374877106,0.08111844883934505,0.06392396142585002,0.4402331478007195,0.7380304263238807,4.904313662481205,0.0032718065878760325,0.020761624109300058,0.009602156935880955,0.01072204705194403,0.06817956693081732,0.01316257971596526,"[1246.585, 1254.38, 1247.015, 1256.82, 1246.77]","[0.0649344083549695, 0.06641764569410091, 0.06871446231227984, 0.0735707413229005, 0.06817555704359102]","[0.16878363975298338, 0.18251727572645232, 0.187229985109806, 0.22066044383493413, 0.20818542431967949]","[0.08167179834984373, 0.07772406670362625, 0.09700044197388731, 0.07773696636204808, 0.07145897080731987]","[0.06906924157398678, 0.06886646773147535, 0.04778808650229198, 0.05887673720608419, 0.07501927411541179]","[0.4581979904668794, 0.46978795729791023, 0.3300543696744187, 0.43097241102698797, 0.512153010537401]","[0.7221677620507223, 0.7331927344099133, 0.7315258721008284, 0.7499560038701033, 0.7533097591878366]",1.0,0.0,0.0,0.0,0.027777777777777783,0.0,0.3333333333333333,1.925929944387236e-33,1.0,0.0,1.0,0.0,1.0,0.0,NaN,1.0,8.0,0.0,1.0,0.0,1.0,72.0,NaN,1.0,15.99999999999999,9.0,1.0,1.0000000000000004,0.9999999999999996,0.08131733609081486
0.13793103396892548,0.10000000149011612,0.05000000074505806,-0.12500000083819032,1225.5210000000002,0.08502008890178883,0.17078392937475648,0.09258105791075193,0.05610073023417865,0.38544112428952665,0.6676035314722363,7.690113295654359,0.004421747061410036,0.008923303475498105,0.02540672194748088,0.01058289889879432,0.10106502177815173,0.006090115610100723,"[1212.855, 1230.355, 1226.22, 1225.425, 1232.75]","[0.09113812318424616, 0.08389674405809294, 0.08742589840447026, 0.08310078433852956, 0.07953889452360521]","[0.1763196798951333, 0.1719250727351097, 0.17977148768316842, 0.16939727936501112, 0.1565061271953598]","[0.10594245382535596, 0.09467142553700839, 0.07111893709024227, 0.0645989430624542, 0.12657353003869887]","[0.04958014761198465, 0.05329335908774227, 0.07364950087881887, 0.057274325946866496, 0.04670631764548101]","[0.31879705685067444, 0.36017596499665827, 0.5087400396940023, 0.4699498619544392, 0.2695426979518589]","[0.6592429828745843, 0.6720500811472537, 0.6728040656213784, 0.6708854590025742, 0.6630350687153904]",1.0,0.0,0.0,0.0,0.027777777777777783,0.0,0.3333333333333333,1.925929944387236e-33,1.0,0.0,1.0,0.0,1.0,0.0,NaN,1.0,8.0,0.0,1.0,0.0,1.0,72.0,NaN,1.0,15.99999999999999,9.0,1.0,1.0000000000000004,0.9999999999999996,0.08131733609081486
0.17241379618644714,0.10000000149011612,0.05000000074505806,-0.12500000083819032,1193.9650000000001,0.09735779325510238,0.14331085840672186,0.08602049412691998,0.05320654817605123,0.38174510249520965,0.5945170563146226,8.018502042152283,0.004932680634888635,0.015314930910448629,0.006329160983627715,0.006936828280739832,0.039743352747606486,0.01532079309454561,"[1204.15, 1181.865, 1193.43, 1196.56, 1193.82]","[0.09420393073873505, 0.09177368267009779, 0.10247227432845461, 0.1025954296130429, 0.09574364892518153]","[0.13845465713950314, 0.12157152308468058, 0.15319506458219811, 0.16178272918578163, 0.14155031804144583]","[0.08337367383437773, 0.09639563827217838, 0.08458574909922176, 0.08631759646814949, 0.07942981296067249]","[0.0471381718695917, 0.047156679345991784, 0.051323829098870635, 0.06316457250136014, 0.057249488064441835]","[0.3611792601302398, 0.32849820977061617, 0.3776321711782857, 0.4225559003913305, 0.41885997100557637]","[0.5950979862903808, 0.5698348020269852, 0.5991968517955073, 0.611936817779597, 0.5965188236806427]",1.0,0.0,0.0,0.0,0.027777777777777783,0.0,0.3333333333333333,1.925929944387236e-33,1.0,0.0,1.0,0.0,1.0,0.0,NaN,1.0,8.0,0.0,1.0,0.0,1.0,72.0,NaN,1.0,15.99999999999999,9.0,1.0,1.0000000000000004,0.9999999999999996,0.08131733609081486
0.2068965584039688,0.10000000149011612,0.05000000074505806,-0.12500000083819032,1170.655,0.10967703774351953,0.12488476775825921,0.0979244778142607,0.03946039053620247,0.29160341335629036,0.5320930102370618,11.15545886550616,0.007842784027162597,0.011375122983680694,0.01754110521585033,0.0060572467328573075,0.0648766092806689,0.00683007513774267,"[1180.44, 1184.905, 1160.735, 1162.91, 1164.285]","[0.11087462212211259, 0.0978285094747741, 0.10730109149281197, 0.11880965832835183, 0.11357130729954713]","[0.13001035585080253, 0.10920840270319644, 0.11850122388588635, 0.13889351520025822, 0.1278103411511525]","[0.1013406401176612, 0.07430630664585927, 0.10002710198700938, 0.12267541888493337, 0.09127292143584029]","[0.03774949294621281, 0.042940449412941825, 0.04045572940944608, 0.03011224309489285, 0.0460440378175188]","[0.2714030975071194, 0.3662399784554083, 0.2879763242760697, 0.19708556767410193, 0.3353120988687525]","[0.5397196493731575, 0.5274827640846964, 0.5248007474464785, 0.5389670344313332, 0.5294948558496434]",1.0,0.0,0.0,0.0,0.027777777777777783,0.0,0.3333333333333333,1.925929944387236e-33,1.0,0.0,1.0,0.0,1.0,0.0,NaN,1.0,8.0,0.0,1.0,0.0,1.0,72.0,NaN,1.0,15.99999999999999,9.0,1.0,1.0000000000000004,0.9999999999999996,0.08131733609081486
0.24137930572032928,0.10000000149011612,0.05000000074505806,-0.12500000083819032,1144.618,0.12483696520203294,0.11262789436035776,0.09056448801941396,0.03953014470013837,0.3045427417157001,0.47320383960020473,4.859652250933213,0.009114943024670575,0.014313170369177473,0.011154457495860292,0.004088719983293882,0.024031540508747583,0.015578713301565685,"[1145.165, 1145.825, 1137.385, 1143.795, 1150.92]","[0.12360542628287542, 0.1175835147771033, 0.1290644709985622, 0.1381742890863444, 0.11575712486527934]","[0.11524880143062273, 0.10372087116229797, 0.11894835535118053, 0.13122945377375386, 0.09399199008393365]","[0.10929672232010265, 0.09056069765466476, 0.08802563201031266, 0.08031401511541833, 0.08462537299657141]","[0.044427664556485655, 0.040593882689821996, 0.03336561853388511, 0.040997656470745936, 0.03826590124975315]","[0.289008565649071, 0.3095117424278992, 0.2748601598904931, 0.33795310817744734, 0.3113801324335898]","[0.48250685170564295, 0.4686796907436772, 0.47960566032759105, 0.48711072971952546, 0.4481162655045869]",1.0,0.0,0.0,0.0,0.027777777777777783,0.0,0.3333333333333333,1.925929944387236e-33,1.0,0.0,1.0,0.0,1.0,0.0,NaN,1.0,8.0,0.0,1.0,0.0,1.0,72.0,NaN,1.0,15.99999999999999,9.0,1.0,1.0000000000000004,0.9999999999999996,0.08131733609081486
0.27586206793785095,0.10000000149011612,0.05000000074505806,-0.12500000083819032,1120.148,0.1273727387113868,0.08985311190503596,0.09058658325021962,0.03050144767364287,0.2519546422616411,0.41062741590804225,11.052945082646536,0.015315067366122046,0.019468526516272913,0.0062905491674978605,0.0030624360507183527,0.020944951221743894,0.025214340375019406,"[1125.035, 1133.735, 1113.145, 1105.32, 1123.505]","[0.14349446793178733, 0.11523209778365726, 0.11272078972389349, 0.14409427013438983, 0.121322067983206]","[0.11220461037276307, 0.07833102420888345, 0.06715810894985692, 0.10799833634175096, 0.08357347965192545]","[0.08339218830964996, 0.09455626831602039, 0.09550080733168446, 0.09545100690167936, 0.08403264539206394]","[0.03243529086291188, 0.02710726494762047, 0.03204971329583905, 0.033608106828640655, 0.027306862433202315]","[0.2800310521701781, 0.22280517604958852, 0.2512707367885349, 0.2604086287069013, 0.24525761759300302]","[0.43881507558318905, 0.40467948337753135, 0.3733517908160134, 0.4284073930267067, 0.40788333673677113]",1.0,0.0,0.0,0.0,0.027777777777777783,0.0,0.3333333333333333,1.925929944387236e-33,1.0,0.0,1.0,0.0,1.0,0.0,NaN,1.0,8.0,0.0,1.0,0.0,1.0,72.0,NaN,1.0,15.99999999999999,9.0,1.0,1.0000000000000004,0.9999999999999996,0.08131733609081486
0.3103448152542114,0.10000000149011612,0.05000000074505806,-0.12500000083819032,1094.6510000000003,0.13891677029385002,0.07856555611084684,0.10575026763478768,0.02446975463164,0.18941266091332665,0.36057943771481116,8.492577200120104,0.007115917576132573,0.00813338065380031,0.01277157788802602,0.0031499168723321458,0.031565813043802037,0.01390710194690103,"[1093.795, 1103.97, 1093.015, 1081.885, 1100.59]","[0.1328368434156046, 0.1312900838920865, 0.13940670734261407, 0.1486741536515312, 0.14237606316741375]","[0.07370633710234137, 0.06787487209030138, 0.07820913126563901, 0.08632882883346983, 0.08670861126248262]","[0.09835550777180513, 0.121662513082571, 0.09658820218985908, 0.11748350830444347, 0.09466160682525966]","[0.027978127323501165, 0.025350602458159156, 0.022381381653242376, 0.020189228469241444, 0.02644943325405586]","[0.22146222027407367, 0.1724376928202419, 0.18812692227922065, 0.1466465252479855, 0.2183899439451114]","[0.35685679341970444, 0.34079726403425886, 0.3593908042990807, 0.36735205621903005, 0.37850027060198155]",1.0,0.0,0.0,0.0,0.027777777777777783,0.0,0.3333333333333333,1.925929944387236e-33,1.0,0.0,1.0,0.0,1.0,0.0,NaN,1.0,8.0,0.0,1.0,0.0,1.0,72.0,NaN,1.0,15.99999999999999,9.0,1.0,1.0000000000000004,0.9999999999999996,0.08131733609081486
0.3448275923728943,0.10000000149011612,0.05000000074505806,-0.12500000083819032,1067.3340000000003,0.14847177064807993,0.06657831762910332,0.09607145725663704,0.021454485455136247,0.18385904740883235,0.30673072208662083,10.388408444030334,0.02004391651355548,0.016506148547017926,0.010507752051341324,0.003360958554691792,0.03609355835975509,0.021836183796264334,"[1059.605, 1056.195, 1078.44, 1078.085, 1064.345]","[0.1518393789023317, 0.18140201027022435, 0.13365829554330627, 0.132203975313528, 0.14325519321100919]","[0.06908030402483208, 0.0942492352663987, 0.05389039980529244, 0.05641693225611883, 0.059254716792874536]","[0.10640123861001541, 0.08335354955362229, 0.10701414908483713, 0.08888994881775884, 0.0946984002169515]","[0.019854276284414534, 0.02701327155103718, 0.021652513097084575, 0.020610181077703578, 0.01814218526544136]","[0.15725472507886826, 0.24475898898474963, 0.16828378641291017, 0.18822060848128402, 0.1607771280863496]","[0.3126942022979796, 0.3419147810593758, 0.28734084076205274, 0.2991022203373044, 0.29260156597639175]",1.0,0.0,0.0,0.0,0.027777777777777783,0.0,0.3333333333333333,1.925929944387236e-33,1.0,0.0,1.0,0.0,1.0,0.0,NaN,1.0,8.0,0.0,1.0,0.0,1.0,72.0,NaN,1.0,15.99999999999999,9.0,1.0,1.0000000000000004,0.9999999999999996,0.08131733609081486
0.37931033968925476,0.10000000149011612,0.05000000074505806,-0.12500000083819032,1048.6,0.14110037158475766,0.0487897396370072,0.0950879281304307,0.018286005501758622,0.16156272600418697,0.2563750597208444,3.988973865544863,0.00897380318820695,0.0056459747508591914,0.006961125252671368,0.002365113864733639,0.02082050119151621,0.010164667241605951,"[1049.31, 1042.79, 1049.96, 1053.675, 1047.265]","[0.13810438456801996, 0.1391499891884805, 0.15555663181374532, 0.13109498936292177, 0.1415958629906208]","[0.04479807496522452, 0.0473195443935312, 0.05803186674807029, 0.04399692287773724, 0.04980228920047276]","[0.10413904164840579, 0.0896669847002836, 0.09363663371437783, 0.1002450801829061, 0.08775190040618018]","[0.01738831462217375, 0.01609054575514206, 0.02222759648326178, 0.017208678527864466, 0.018514892120351057]","[0.14308148515515162, 0.15214562675443571, 0.19184174827163009, 0.14651449827366336, 0.17423027156605403]","[0.24492877285273462, 0.2537655534635606, 0.27169939925990455, 0.2512790129178821, 0.2602025601101401]",1.0,0.0,0.0,0.0,0.027777777777777783,0.0,0.3333333333333333,1.925929944387236e-33,1.0,0.0,1.0,0.0,1.0,0.0,NaN,1.0,8.0,0.0,1.0,0.0,1.0,72.0,NaN,1.0,15.99999999999999,9.0,1.0,1.0000000000000004,0.9999999999999996,0.08131733609081486
0.4137931168079376,0.10000000149011612,0.05000000074505806,-0.12500000083819032,1033.005,0.10801867721872929,0.02306129775757221,0.09817580497463212,0.010224356377524346,0.09493131598055413,0.17334893839221607,8.198487665417316,0.017493188321262326,0.006526433084118569,0.0067024047636361,0.0017386802578736229,0.019373498924863976,0.019710227229619764,"[1035.38, 1019.255, 1040.33, 1032.55, 1037.51]","[0.098968248566961, 0.13311083622115139, 0.08748805226391303, 0.11662465735378598, 0.103901591687835]","[0.01825334146585856, 0.03135099200655211, 0.015296355047836557, 0.027332992150603988, 0.02307280811700985]","[0.09987575279980206, 0.09478161636344609, 0.10397631597662543, 0.1039712979027491, 0.08827404183053787]","[0.010817978848425143, 0.012317089228748105, 0.008179180751570411, 0.008684787717165894, 0.011122745341712169]","[0.09772892003319139, 0.1150068916392751, 0.07292715016360111, 0.07709115463559675, 0.11190246343110634]","[0.155716548979996, 0.19062777268379563, 0.14881980105641945, 0.18986828587924723, 0.181712283361622]",1.0,0.0,0.0,0.0,0.027777777777777783,0.0,0.3333333333333333,1.925929944387236e-33,1.0,0.0,1.0,0.0,1.0,0.0,NaN,1.0,8.0,0.0,1.0,0.0,1.0,72.0,NaN,1.0,15.99999999999999,9.0,1.0,1.0000000000000004,0.9999999999999996,0.08131733609081486
0.4482758641242981,0.10000000149011612,0.05000000074505806,-0.12500000083819032,1020.8040000000001,0.07919506775423242,0.01070444694720153,0.09405383515404693,0.0055582443129792245,0.05607276655375463,0.10885910547690618,10.560239935721105,0.028993413777874403,0.006998172661996523,0.018531379733484003,0.0026975595681681245,0.025598740309547993,0.03227077579962325,"[1008.195, 1017.97, 1022.94, 1017.815, 1037.1]","[0.08096344010493572, 0.12060668581153033, 0.08570839034201944, 0.06789992168330966, 0.04079690082936691]","[0.009729469106848822, 0.021628807535973123, 0.012054689554913673, 0.00728415492071521, 0.002825113617556822]","[0.0915769942635255, 0.09467127288086515, 0.09167266750862217, 0.07016959220859427, 0.12217864890862754]","[0.004306430279745314, 0.008152434007659873, 0.008755942926950203, 0.002914684545081653, 0.003661729805459078]","[0.04491318807456531, 0.07928554857974755, 0.08718574208061332, 0.0398811437226825, 0.029098210311164475]","[0.10727927013708129, 0.15206336355954825, 0.12330513285406258, 0.0968842772263996, 0.0647634836074392]",1.0,0.0,0.0,0.0,0.027777777777777783,0.0,0.3333333333333333,1.925929944387236e-33,1.0,0.0,1.0,0.0,1.0,0.0,NaN,1.0,8.0,0.0,1.0,0.0,1.0,72.0,NaN,1.0,15.99999999999999,9.0,1.0,1.0000000000000004,0.9999999999999996,0.08131733609081486
0.48275861144065857,0.10000000149011612,0.05000000074505806,-0.12500000083819032,1020.3800000000001,0.02644950918578588,0.0013528443282613237,0.10467307481042606,0.0018196614165620778,0.017334340031418555,0.04382666799256256,3.349169673217541,0.010563814539852123,0.000925906724013408,0.0159813765308224,0.00020857578459111169,0.002621710549510829,0.014721601286167976,"[1024.68, 1016.32, 1020.19, 1022.575, 1018.135]","[0.016619490364206034, 0.014631294344615775, 0.03964275325890279, 0.03104587035997373, 0.030308137601231064]","[0.0005329653748372511, 0.00041403368920247993, 0.002679868196321773, 0.0016723259646872957, 0.0014650284162578187]","[0.1152205661990686, 0.11096079292832313, 0.10251504321949431, 0.11680838804793735, 0.077860583657307]","[0.0016335320627301297, 0.001803775254267567, 0.0020714663474093458, 0.001987735241678768, 0.0016017981767245779]","[0.013979244947578826, 0.015995939889086944, 0.01980624801408288, 0.01673232414186461, 0.020157943164479514]","[0.03107224895057379, 0.027519086873468792, 0.06331999541089281, 0.0511130243272853, 0.04610898440059213]",1.0,0.0,0.0,0.0,0.027777777777777783,0.0,0.3333333333333333,1.925929944387236e-33,1.0,0.0,1.0,0.0,1.0,0.0,NaN,1.0,8.0,0.0,1.0,0.0,1.0,72.0,NaN,1.0,15.99999999999999,9.0,1.0,1.0000000000000004,0.9999999999999996,0.08131733609081486
0.517241358757019,0.10000000149011612,0.05000000074505806,-0.12500000083819032,1012.8129999999999,0.021017306039785525,0.0007237999025852796,0.09945895047740082,0.0014963877031937349,0.014720506782629511,0.031549505713045316,5.9107323996269665,0.0062618142659943135,0.0003949655759501788,0.016622162738598505,0.0003453823222555695,0.0012034577802061542,0.0071455593153416565,"[1016.195, 1008.795, 1006.235, 1021.05, 1011.79]","[0.014181843444719195, 0.01799519511089107, 0.03102831088727154, 0.02155401503119454, 0.020327165724851267]","[0.0003325823223006581, 0.0005357634724259448, 0.001379262120680359, 0.0007247327411667874, 0.0006466588563526495]","[0.099969964609719, 0.08079868401342266, 0.11428149038014135, 0.08482081443619548, 0.11742379894752557]","[0.0013764688828998342, 0.0011488258991118664, 0.0019391331442287863, 0.00123889734817315, 0.0017786132415550375]","[0.013581818673471958, 0.014019045854328569, 0.01668493151580943, 0.014395787790660204, 0.014920950078877391]","[0.022913915275681273, 0.02891180561529505, 0.0425598708160567, 0.03253022784637294, 0.030831709011820616]",1.0,0.0,0.0,0.0,0.027777777777777783,0.0,0.3333333333333333,1.925929944387236e-33,1.0,0.0,1.0,0.0,1.0,0.0,NaN,1.0,8.0,0.0,1.0,0.0,1.0,72.0,NaN,1.0,15.99999999999999,9.0,1.0,1.0000000000000004,0.9999999999999996,0.08131733609081486
0.5517241358757019,0.10000000149011612,0.05000000074505806,-0.12500000083819032,1014.927,0.017109995117478898,0.00046222748717631503,0.07581993305666557,0.0010598770758314324,0.01375411258473232,0.025671598062846475,8.535772226342507,0.003387188600113325,0.0001690044326317257,0.011905639074453666,0.00018720968272295865,0.0004891002959091485,0.0047240352726329446,"[1005.695, 1010.995, 1027.565, 1019.12, 1011.26]","[0.02139953828224199, 0.01961321798673269, 0.016697265571562557, 0.014512894524797761, 0.013327059222059482]","[0.0006166763098291634, 0.000666894745444957, 0.000399407781420162, 0.0003323108816874075, 0.00029584771749988493]","[0.07108868110072025, 0.08522283808394679, 0.07575498498391145, 0.05859072186620064, 0.08844243924854872]","[0.0010266902765069487, 0.0012151001915118084, 0.001011120138379245, 0.000788788981294342, 0.0012576857914648177]","[0.014236774447661788, 0.014057486975679045, 0.013171439879208414, 0.013283857849893662, 0.014021003771218687]","[0.028010097160446976, 0.03288417348818883, 0.02336172500777647, 0.022385064577296894, 0.02171693008052319]",1.0,0.0,0.0,0.0,0.027777777777777783,0.0,0.3333333333333333,1.925929944387236e-33,1.0,0.0,1.0,0.0,1.0,0.0,NaN,1.0,8.0,0.0,1.0,0.0,1.0,72.0,NaN,1.0,15.99999999999999,9.0,1.0,1.0000000000000004,0.9999999999999996,0.08131733609081486
0.5862069129943848,0.10000000149011612,0.05000000074505806,-0.12500000083819032,1013.9399999999999,0.013628756970294559,0.00026436204594151223,0.08414641799754656,0.001077369556306266,0.012618307051610055,0.018733135787956757,5.587265655040938,0.002951802109780989,8.14559048517558e-5,0.030490475965111945,0.00039495850294218524,0.00020924739605228648,0.0018034385267170791,"[1018.3, 1008.26, 1008.435, 1020.515, 1014.19]","[0.0174345756817726, 0.012826974688228321, 0.010974665920019548, 0.015965755787473283, 0.01094181277397905]","[0.00036963443365940237, 0.0002493289442560389, 0.00019636814408136296, 0.00032521639439647086, 0.00018126231331428604]","[0.0959722299975795, 0.050012510643233775, 0.11465463416446671, 0.05312674770154871, 0.10696596748090416]","[0.0012550261616127302, 0.0006413830782362234, 0.0014595526671263301, 0.0006628886469681812, 0.001367997227587865]","[0.012908172164787304, 0.012662068621278937, 0.012569977079917045, 0.012323724270473872, 0.012627593121593114]","[0.020761068941722808, 0.019067234232512924, 0.017578331867450753, 0.019962982611829924, 0.016296061286267375]",1.0,0.0,0.0,0.0,0.027777777777777783,0.0,0.3333333333333333,1.925929944387236e-33,1.0,0.0,1.0,0.0,1.0,0.0,NaN,1.0,8.0,0.0,1.0,0.0,1.0,72.0,NaN,1.0,15.99999999999999,9.0,1.0,1.0000000000000004,0.9999999999999996,0.08131733609081486
0.6206896305084229,0.10000000149011612,0.05000000074505806,-0.12500000083819032,1009.9559999999999,0.010675308767264708,0.00014468715926532085,0.08160110550291369,0.000971482460491086,0.011736856696822917,0.01330505497523789,3.7370299035463987,0.000964114447708403,2.514365961099582e-5,0.02106983733566717,0.00026308225106601004,0.0004205022547964106,0.0012382910051026027,"[1013.225, 1009.0, 1003.97, 1012.71, 1010.875]","[0.01165259144684747, 0.010140388347950202, 0.010694427335538098, 0.009355991854740392, 0.01153314485124738]","[0.0001812941526868022, 0.000123355505917405, 0.0001429206030539124, 0.00012005346741711529, 0.0001558120672513694]","[0.10700504081242519, 0.10191218839069645, 0.06961845301267783, 0.06636770483365631, 0.06310214046511271]","[0.001302025005540973, 0.0011996476904000955, 0.0008606128028587969, 0.0007860326520643511, 0.0007090941515912128]","[0.01202160723040279, 0.011634432437577615, 0.01221089968915395, 0.011704972522661011, 0.011112371604319226]","[0.015319917634993623, 0.012018568241151292, 0.01318778393604669, 0.012669152936235798, 0.013329852127762042]",1.0,0.0,0.0,0.0,0.027777777777777783,0.0,0.3333333333333333,1.925929944387236e-33,1.0,0.0,1.0,0.0,1.0,0.0,NaN,1.0,8.0,0.0,1.0,0.0,1.0,72.0,NaN,1.0,15.99999999999999,9.0,1.0,1.0000000000000004,0.9999999999999996,0.08131733609081486
0.6551724076271057,0.10000000149011612,0.05000000074505806,-0.12500000083819032,1008.985,0.011388313984131739,0.00015946697570972328,0.08663715703201151,0.0009686683598957675,0.011037600848158633,0.013534046104314279,4.882069233429604,0.0023207003388214993,5.733759427951026e-5,0.01892676687760153,0.00022023807988604934,0.0002289318820988523,0.0018586311526758983,"[1012.555, 1014.485, 1006.395, 1009.255, 1002.235]","[0.015199861429105208, 0.008977804997782404, 0.010943204383465752, 0.010386359953859574, 0.011434339156445756]","[0.00025980852264755153, 0.00011401646060266594, 0.00013973489491221917, 0.00013979076771198737, 0.0001439842326741924]","[0.0947807837574348, 0.09675994785897438, 0.08965780531998972, 0.09866967497238653, 0.0533175732512721]","[0.0010815442202749134, 0.0010733301594215545, 0.000976880273575626, 0.0011248431267901636, 0.0005867440194165797]","[0.01128226533916846, 0.010971012943261825, 0.01077821660855389, 0.011271592350115708, 0.010884916999693288]","[0.0168055672248097, 0.012540552091188784, 0.012608107957862049, 0.01328033118749762, 0.01243567206021324]",1.0,0.0,0.0,0.0,0.027777777777777783,0.0,0.3333333333333333,1.925929944387236e-33,1.0,0.0,1.0,0.0,1.0,0.0,NaN,1.0,8.0,0.0,1.0,0.0,1.0,72.0,NaN,1.0,15.99999999999999,9.0,1.0,1.0000000000000004,0.9999999999999996,0.08131733609081486
0.6896551847457886,0.10000000149011612,0.05000000074505806,-0.12500000083819032,1008.378,0.011804372535016917,0.0001416183699954634,0.08911120712877212,0.0009169863626345137,0.010194985793660566,0.011821233861450672,8.413960571573883,0.001987956392063777,2.7911876581604525e-5,0.01773957855815377,0.00017713857041264352,0.00021071476123995391,0.0007954898893778879,"[999.015, 1012.19, 1020.685, 1003.17, 1006.83]","[0.010356831085180101, 0.01345771961230133, 0.009225605482821572, 0.01212095750971023, 0.013860748985071359]","[0.0001262254326095418, 0.0001756446065712267, 0.00010285759758294792, 0.00014880034905535438, 0.00015456386415824619]","[0.0692805760960904, 0.08886288429348543, 0.10509169559505256, 0.07381569599533865, 0.10850518366389358]","[0.0007021410508635604, 0.0009219012856202499, 0.0010934567901594377, 0.0007793984380189843, 0.001088034248510336]","[0.010033063583243873, 0.010267900955312752, 0.01029764299054412, 0.010448387309373133, 0.009927934129828947]","[0.012040899750501056, 0.012883438287967345, 0.011026210501814796, 0.012127407139420485, 0.011028213627549688]",1.0,0.0,0.0,0.0,0.027777777777777783,0.0,0.3333333333333333,1.925929944387236e-33,1.0,0.0,1.0,0.0,1.0,0.0,NaN,1.0,8.0,0.0,1.0,0.0,1.0,72.0,NaN,1.0,15.99999999999999,9.0,1.0,1.0000000000000004,0.9999999999999996,0.08131733609081486
0.7241379022598267,0.10000000149011612,0.05000000074505806,-0.12500000083819032,1007.809,0.012126252254067615,0.00013058248916918643,0.07564073848365623,0.0007461823586993686,0.00980204919542183,0.01059355054895584,3.9543368597022353,0.0028526079861732915,3.467858784561973e-5,0.015794254198889725,0.0001485256405030126,0.00047076038805157815,0.0012045036581719787,"[1008.095, 1007.215, 1014.305, 1004.095, 1005.335]","[0.011968667098155562, 0.016566889178622927, 0.010818625567395608, 0.008812487255850536, 0.012464592170313444]","[0.00013023215914434281, 0.000169715794323879, 0.00012086681737425035, 7.888681941605529e-5, 0.00015321085558740475]","[0.09179755411327652, 0.07097681653563981, 0.06991284630518581, 0.09100121766405377, 0.05451525780012521]","[0.0009361370357746128, 0.0006793440661998789, 0.0006729714225327622, 0.000864554804642021, 0.0005779044643475678]","[0.010094896732515016, 0.009480609350181086, 0.009534088350845737, 0.009411065529728464, 0.010489586013838849]","[0.010763967562236446, 0.010140395534112749, 0.011048667810448236, 0.008872286639642929, 0.012142435198338837]",1.0,0.0,0.0,0.0,0.027777777777777783,0.0,0.3333333333333333,1.925929944387236e-33,1.0,0.0,1.0,0.0,1.0,0.0,NaN,1.0,8.0,0.0,1.0,0.0,1.0,72.0,NaN,1.0,15.99999999999999,9.0,1.0,1.0000000000000004,0.9999999999999996,0.08131733609081486
0.7586206793785095,0.10000000149011612,0.05000000074505806,-0.12500000083819032,1009.3620000000001,0.010786787943909418,0.00010691445239104438,0.08992987873361553,0.0008259893568660249,0.009115174060402038,0.009796903048247218,7.614702554926198,0.00126070756354147,1.5127221730323036e-5,0.02590807932542087,0.0002318727923630228,0.00011106028633462887,0.00037932611085529763,"[1005.065, 1014.235, 1020.305, 1002.255, 1004.95]","[0.011077193889796751, 0.009396825720772049, 0.009670486697660307, 0.012460429925111118, 0.011329003486206865]","[0.00010807732672477549, 8.888354670364185e-5, 9.8540877134019e-5, 0.00012953973963510047, 0.00010953077175768509]","[0.07910760890844494, 0.1192485347722395, 0.06730162204352325, 0.1163641849022895, 0.06762744304158044]","[0.000739669062410559, 0.001085823653412159, 0.0006136636401739257, 0.001062489119991425, 0.0006283013083420555]","[0.009263547627516376, 0.009023388395617974, 0.009035721988006501, 0.009048107074801632, 0.009205105216067707]","[0.009662468136234083, 0.009370258374711423, 0.010087071244252644, 0.01028912245895484, 0.009575595027083106]",1.0,0.0,0.0,0.0,0.027777777777777783,0.0,0.3333333333333333,1.925929944387236e-33,1.0,0.0,1.0,0.0,1.0,0.0,NaN,1.0,8.0,0.0,1.0,0.0,1.0,72.0,NaN,1.0,15.99999999999999,9.0,1.0,1.0000000000000004,0.9999999999999996,0.08131733609081486
0.7931034564971924,0.10000000149011612,0.05000000074505806,-0.12500000083819032,1008.2719999999999,0.009385650278175086,8.526537591430846e-5,0.09670475945386411,0.0008690300044129241,0.00892446455978317,0.008994789216584599,3.1302348154731106,0.0013745098513030791,1.3752809813133745e-5,0.019686225146624815,0.0001680348297543795,0.0002124624446751168,0.0004370630922965185,"[1010.685, 1011.265, 1004.27, 1005.645, 1009.495]","[0.008794806913569424, 0.007253926792329334, 0.010649019986808696, 0.010154218412042521, 0.010076279286125448]","[8.289645263487137e-5, 6.426708618698887e-5, 0.000101552907605192, 8.566877673543174e-5, 9.194165640905838e-5]","[0.1036562720765839, 0.1124050041356812, 0.0638453640441974, 0.10966767599755929, 0.09394948101529885]","[0.0009226929626266732, 0.00097671185717121, 0.0005815753273998902, 0.0009948769793317344, 0.000869292895535113]","[0.008822930713463467, 0.00861436827462359, 0.009026896715448795, 0.008990186405147262, 0.009167940690232738]","[0.009337601090665204, 0.0087818233916506, 0.009446278686967461, 0.008366183645979757, 0.009042059267659974]",1.0,0.0,0.0,0.0,0.027777777777777783,0.0,0.3333333333333333,1.925929944387236e-33,1.0,0.0,1.0,0.0,1.0,0.0,NaN,1.0,8.0,0.0,1.0,0.0,1.0,72.0,NaN,1.0,15.99999999999999,9.0,1.0,1.0000000000000004,0.9999999999999996,0.08131733609081486
0.8275862336158752,0.10000000149011612,0.05000000074505806,-0.12500000083819032,1009.7760000000001,0.009034870634961105,8.000097636809654e-5,0.07778475328321138,0.0006714401972039109,0.008542523495585564,0.00875341243060385,5.473515095439164,0.0015509139551469456,1.5369245353307724e-5,0.022504936534310686,0.00019962269230801172,0.0003473552734010729,0.0002835529794712675,"[1007.42, 1007.745, 1016.57, 1014.1, 1003.045]","[0.007886998457097723, 0.010474285279062003, 0.006931756727919487, 0.010230335213888284, 0.009650977496838029]","[6.719259179742743e-5, 9.16795296592562e-5, 6.037792226692891e-5, 9.506816050126484e-5, 8.568667761560532e-5]","[0.09956189140711885, 0.054208943083230834, 0.055458060501494925, 0.10000441057843011, 0.0796904608457822]","[0.0008943866267370852, 0.0004510416889466736, 0.00047856206892622007, 0.0008204639027894117, 0.0007127466986201641]","[0.008903242726508916, 0.008251771214840484, 0.008555433755832087, 0.008137514745354214, 0.00886465503539212]","[0.008447445049331646, 0.008676872516514816, 0.008635120072425836, 0.009207210319459834, 0.008800414195287121]",1.0,0.0,0.0,0.0,0.027777777777777783,0.0,0.3333333333333333,1.925929944387236e-33,1.0,0.0,1.0,0.0,1.0,0.0,NaN,1.0,8.0,0.0,1.0,0.0,1.0,72.0,NaN,1.0,15.99999999999999,9.0,1.0,1.0000000000000004,0.9999999999999996,0.08131733609081486
0.8620689511299133,0.10000000149011612,0.05000000074505806,-0.12500000083819032,1013.454,0.00846373277550876,7.070817638115811e-5,0.10466711002650733,0.0008749201918274718,0.008286555076940016,0.008280678809958732,6.882514438778907,0.0007323018035497117,6.823380311027089e-6,0.018049206591289755,0.00015257675849814724,0.0001611967323428832,0.0002360131279760293,"[1007.045, 1007.765, 1014.925, 1024.125, 1013.41]","[0.00727813816599577, 0.008917030065450108, 0.009081756506547597, 0.008251177007670673, 0.008790562131879648]","[5.908546617852152e-5, 7.669463126500577e-5, 7.414559819379725e-5, 7.107419766351422e-5, 7.254098860495175e-5]","[0.11100683971517408, 0.07382377756592604, 0.10688213367441164, 0.12121026035058585, 0.11041253882643906]","[0.0009464512827069859, 0.0006098299203365367, 0.0008872229662053668, 0.00098953609258195, 0.0009415606973065197]","[0.008453983570031, 0.00819293785336263, 0.008232608914647476, 0.008097690187578664, 0.008455554859080313]","[0.00805283703217484, 0.008527571595894843, 0.00809812046323659, 0.00854026103152941, 0.008184603926957976]",1.0,0.0,0.0,0.0,0.027777777777777783,0.0,0.3333333333333333,1.925929944387236e-33,1.0,0.0,1.0,0.0,1.0,0.0,NaN,1.0,8.0,0.0,1.0,0.0,1.0,72.0,NaN,1.0,15.99999999999999,9.0,1.0,1.0000000000000004,0.9999999999999996,0.08131733609081486
0.8965517282485962,0.10000000149011612,0.05000000074505806,-0.12500000083819032,1006.6780000000001,0.008275064176697045,6.501960326898514e-5,0.09071216025238421,0.0007149510241522673,0.007801627030548949,0.0077888145298259754,2.8558461968390305,0.0018186323822142654,1.5182468070660735e-5,0.009767507285772511,9.786531148269829e-5,0.00028988712268730006,0.0002865274116503711,"[1002.92, 1004.57, 1009.145, 1009.425, 1007.33]","[0.009307593207688538, 0.010874106223624199, 0.007879943331709329, 0.006569851510103193, 0.006743826610359969]","[6.960363593813889e-5, 8.913467904186856e-5, 6.090543834751541e-5, 5.3141278141523314e-5, 5.2312984875879517e-5]","[0.08730246917210559, 0.07870485088885404, 0.10573519638309722, 0.09106097187135659, 0.09075731294650759]","[0.0007029602953745938, 0.0005861354975795972, 0.0008602793001071981, 0.0006978117213336676, 0.0007275683063662799]","[0.00798769234612226, 0.0073922084248391005, 0.008070504818271072, 0.00760484930174311, 0.007952880261769203]","[0.007422648484279802, 0.008130322030978318, 0.007669890223470333, 0.008023756002851889, 0.00769745590754954]",1.0,0.0,0.0,0.0,0.027777777777777783,0.0,0.3333333333333333,1.925929944387236e-33,1.0,0.0,1.0,0.0,1.0,0.0,NaN,1.0,8.0,0.0,1.0,0.0,1.0,72.0,NaN,1.0,15.99999999999999,9.0,1.0,1.0000000000000004,0.9999999999999996,0.08131733609081486
0.931034505367279,0.10000000149011612,0.05000000074505806,-0.12500000083819032,1012.6479999999999,0.007771883522836956,5.764851682743483e-5,0.08871874596106177,0.0006855081350327435,0.007654991747297719,0.007367226341876099,7.866085112684721,0.00036779571533169007,2.9984194993902713e-6,0.013404214550373949,0.00011694716452045309,0.0003257298391615778,0.00032510290906478603,"[1013.135, 1016.065, 1021.38, 1012.635, 1000.025]","[0.0074172405249790015, 0.008151772700413529, 0.00808125822904218, 0.007360330339749438, 0.007848815820000625]","[5.692413759196694e-5, 5.8355733841946804e-5, 5.77751534514287e-5, 5.341555227224621e-5, 6.177200697958545e-5]","[0.07757324771679064, 0.08653189725237301, 0.11108145646100917, 0.07926277079671246, 0.0891443575784236]","[0.000568025589133287, 0.000642271266260626, 0.0008779812144660023, 0.0006423829281513901, 0.0006968796771524128]","[0.0072692133760024705, 0.0073676787192221895, 0.007841958058157744, 0.00803931784379387, 0.0077567907393123175]","[0.0076161203508173896, 0.007107773563987944, 0.007098527642815461, 0.007204934327426767, 0.007808775824332932]",1.0,0.0,0.0,0.0,0.027777777777777783,0.0,0.3333333333333333,1.925929944387236e-33,1.0,0.0,1.0,0.0,1.0,0.0,NaN,1.0,8.0,0.0,1.0,0.0,1.0,72.0,NaN,1.0,15.99999999999999,9.0,1.0,1.0000000000000004,0.9999999999999996,0.08131733609081486
0.9655172228813171,0.10000000149011612,0.05000000074505806,-0.12500000083819032,1007.789,0.009000807048573107,6.6288862677771e-5,0.09583919493669063,0.0007049214766875902,0.007335252659536398,0.007281726093409879,4.57583243792864,0.0013777670189276871,1.2547860899359193e-5,0.019037581209370255,0.00012092600161777429,0.00031912272896824533,0.00029019640457665,"[1005.85, 1001.815, 1006.48, 1012.585, 1012.215]","[0.008332184578762914, 0.010917715363038262, 0.008480899160879374, 0.009848187899858639, 0.007425048240326342]","[5.786930738072081e-5, 8.439137254956307e-5, 6.264983526308835e-5, 7.3259356985003e-5, 5.3274441210479866e-5]","[0.09189493371051065, 0.11206092915095066, 0.06902450627422517, 0.08994871299099419, 0.11626689255677251]","[0.000704697842073769, 0.0008236526262992245, 0.0005164850613694915, 0.0006831323040533692, 0.0007966395496420966]","[0.007610158164329124, 0.007296413853262101, 0.007427059227226286, 0.00753744229558016, 0.006805189757284318]","[0.006897370167823749, 0.00767047389902041, 0.00733299888505066, 0.007383938561430135, 0.007123848953724444]",1.0,0.0,0.0,0.0,0.027777777777777783,0.0,0.3333333333333333,1.925929944387236e-33,1.0,0.0,1.0,0.0,1.0,0.0,NaN,1.0,8.0,0.0,1.0,0.0,1.0,72.0,NaN,1.0,15.99999999999999,9.0,1.0,1.0000000000000004,0.9999999999999996,0.08131733609081486
1.0,0.10000000149011612,0.05000000074505806,-0.12500000083819032,1005.664,0.008281302126727803,6.120952199686373e-5,0.07583553718320092,0.0005276223265693683,0.006947079482762226,0.007373760643250497,3.062083441057726,0.0012843546476715738,7.022973539775401e-6,0.017645514257652182,0.00010528269079191498,0.0002703537041230642,0.0003715113748531369,"[1005.76, 1007.095, 1000.615, 1006.055, 1008.795]","[0.0073146684224056945, 0.009161186812783216, 0.010107421310865809, 0.007557002915281652, 0.007266231172302643]","[5.67723325395557e-5, 6.613622105669001e-5, 7.047997919599591e-5, 5.947260738225696e-5, 5.3186469809820023e-5]","[0.10485088367406442, 0.07085749865094283, 0.07885912923121832, 0.06098273499581373, 0.06362743936396525]","[0.0006991449200004209, 0.0005136593498706265, 0.0005365099219990589, 0.0004245053977999986, 0.00046429204317673676]","[0.0066238250175115, 0.007197015773020972, 0.006757423048937288, 0.006912953506442648, 0.007244180067898726]","[0.007701660289607437, 0.007167433156305978, 0.006924804749758771, 0.007808415743645172, 0.0072664892769351295]",1.0,0.0,0.0,0.0,0.027777777777777783,0.0,0.3333333333333333,1.925929944387236e-33,1.0,0.0,1.0,0.0,1.0,0.0,NaN,1.0,8.0,0.0,1.0,0.0,1.0,72.0,NaN,1.0,15.99999999999999,9.0,1.0,1.0000000000000004,0.9999999999999996,0.08131733609081486
